key,0,1,2,3,4,5,6,7,8,9,10,11,12,13,14,15,16,17,18,19,20,21,22,23
#,,Icon,Order,Glasses[0],Glasses[1],Glasses[2],Glasses[3],Glasses[4],Glasses[5],Glasses[6],Glasses[7],Glasses[8],Glasses[9],Glasses[10],Glasses[11],Singular,,Plural,,,,,,Name
int32,int16,Image,uint16,Glasses,Glasses,Glasses,Glasses,Glasses,Glasses,Glasses,Glasses,Glasses,Glasses,Glasses,Glasses,str,sbyte,str,sbyte,sbyte,sbyte,sbyte,sbyte,str
0,0,"ui/icon/200000/200049.tex",0,"Oval Spectacles","Silver Oval Spectacles","Gold Oval Spectacles","Black Oval Spectacles","White Oval Spectacles","Grey Oval Spectacles","Red Oval Spectacles","Blue Oval Spectacles","Green Oval Spectacles","Brass Oval Spectacles","Purple Oval Spectacles","Brown Oval Spectacles","oval[a] Brille",3,"oval[a] Brillen",1,0,1,1,0,"Ovale Brille"
1,0,"ui/icon/200000/200085.tex",1,"Shaded Spectacles","Silver Shaded Spectacles","Gold Shaded Spectacles","Black Shaded Spectacles","White Shaded Spectacles","Grey Shaded Spectacles","Red Shaded Spectacles","Blue Shaded Spectacles","Green Shaded Spectacles","Brass Shaded Spectacles","Purple Shaded Spectacles","Brown Shaded Spectacles","getönt[a] Brille",3,"getönt[a] Brillen",1,0,1,1,0,"Getönte Brille"
2,0,"ui/icon/200000/200061.tex",2,"Classic Spectacles","Silver Classic Spectacles","Gold Classic Spectacles","Black Classic Spectacles","White Classic Spectacles","Grey Classic Spectacles","Red Classic Spectacles","Blue Classic Spectacles","Green Classic Spectacles","Brass Classic Spectacles","Purple Classic Spectacles","Brown Classic Spectacles","klassisch[a] Brille",3,"klassisch[a] Brillen",1,0,1,1,0,"Klassische Brille"
3,0,"ui/icon/200000/200013.tex",3,"Rose-colored Spectacles","Silver Rose-colored Spectacles","Gold Rose-colored Spectacles","Black Rose-colored Spectacles","White Rose-colored Spectacles","Grey Rose-colored Spectacles","Red Rose-colored Spectacles","Blue Rose-colored Spectacles","Green Rose-colored Spectacles","Brass Rose-colored Spectacles","Purple Rose-colored Spectacles","Brown Rose-colored Spectacles","rosarot[a] Brille",3,"rosarot[a] Brillen",1,0,1,1,0,"Rosarote Brille"
4,0,"ui/icon/200000/200001.tex",4,"Simple Spectacles","Silver Spectacles","Gold Spectacles","Black Spectacles","White Spectacles","Grey Spectacles","Red Spectacles","Blue Spectacles","Green Spectacles","Brass Spectacles","Purple Spectacles","Brown Spectacles","einfach[a] Brille",3,"einfach[a] Brillen",1,0,1,1,0,"Einfache Brille"
5,0,"ui/icon/200000/200025.tex",5,"Monocle","Silver Monocle","Gold Monocle","Black Monocle","White Monocle","Grey Monocle","Red Monocle","Blue Monocle","Green Monocle","Brass Monocle","Purple Monocle","Brown Monocle","Monokel",4,"Monokel",2,0,1,2,0,"Monokel"
6,0,"ui/icon/200000/200037.tex",6,"Contemporary Pince-nez","Silver Contemporary Pince-nez","Gold Contemporary Pince-nez","Black Contemporary Pince-nez","White Contemporary Pince-nez","Grey Contemporary Pince-nez","Red Contemporary Pince-nez","Blue Contemporary Pince-nez","Green Contemporary Pince-nez","Brass Contemporary Pince-nez","Purple Contemporary Pince-nez","Brown Contemporary Pince-nez","zeitgemäß[a] Zwicker",4,"zeitgemäß[a] Zwicker",2,0,1,0,0,"Zeitgemäßer Zwicker"
7,0,"ui/icon/200000/200097.tex",7,"Rimless Glasses","Silver Rimless Glasses","Gold Rimless Glasses","Black Rimless Glasses","White Rimless Glasses","Grey Rimless Glasses","Red Rimless Glasses","Blue Rimless Glasses","Green Rimless Glasses","Brass Rimless Glasses","Purple Rimless Glasses","Brown Rimless Glasses","randlos[a] Brille",3,"randlos[a] Brillen",1,0,1,1,0,"Randlose Brille"
8,0,"ui/icon/200000/200109.tex",8,"Thick-rimmed Glasses","Silver Thick-rimmed Glasses","Gold Thick-rimmed Glasses","Black Thick-rimmed Glasses","White Thick-rimmed Glasses","Grey Thick-rimmed Glasses","Red Thick-rimmed Glasses","Blue Thick-rimmed Glasses","Green Thick-rimmed Glasses","Brass Thick-rimmed Glasses","Purple Thick-rimmed Glasses","Brown Thick-rimmed Glasses","breitrandig[a] Brille",3,"breitrandig[a] Brillen",1,0,1,1,0,"Breitrandige Brille"
9,0,"ui/icon/200000/200073.tex",9,"Minstrel's Spectacles","Silver Minstrel's Spectacles","Gold Minstrel's Spectacles","Black Minstrel's Spectacles","White Minstrel's Spectacles","Grey Minstrel's Spectacles","Red Minstrel's Spectacles","Blue Minstrel's Spectacles","Green Minstrel's Spectacles","Brass Minstrel's Spectacles","Purple Minstrel's Spectacles","Brown Minstrel's Spectacles","Minnesänger-Brille",3,"Minnesänger-Brillen",1,0,1,1,0,"Minnesänger-Brille"
10,0,"ui/icon/200000/200121.tex",10,"Pince-nez","Silver Pince-nez","Gold Pince-nez","Black Pince-nez","White Pince-nez","Grey Pince-nez","Red Pince-nez","Blue Pince-nez","Green Pince-nez","Brass Pince-nez","Purple Pince-nez","Brown Pince-nez","Zwicker",4,"Zwicker",2,0,1,0,0,"Zwicker"
11,0,"ui/icon/200000/200133.tex",11,"Magnifiers","Silver Magnifiers","Gold Magnifiers","Black Magnifiers","White Magnifiers","Grey Magnifiers","Red Magnifiers","Blue Magnifiers","Green Magnifiers","Brass Magnifiers","Purple Magnifiers","Brown Magnifiers","Lupenbrille",3,"Lupenbrillen",1,0,1,1,0,"Lupenbrille"
12,0,"ui/icon/200000/200145.tex",12,"Brass Goggles","Silver Brass Goggles","Gold Brass Goggles","Black Brass Goggles","White Brass Goggles","Grey Brass Goggles","Red Brass Goggles","Blue Brass Goggles","Green Brass Goggles","Bronze Brass Goggles","Purple Brass Goggles","Brown Brass Goggles","Sicherheitsbrille",3,"Sicherheitsbrillen",1,0,1,1,0,"Sicherheitsbrille"
13,0,"ui/icon/200000/200157.tex",13,"Under-rim Glasses","Silver Under-rim Glasses","Gold Under-rim Glasses","Black Under-rim Glasses","White Under-rim Glasses","Grey Under-rim Glasses","Red Under-rim Glasses","Blue Under-rim Glasses","Green Under-rim Glasses","Brass Under-rim Glasses","Purple Under-rim Glasses","Brown Under-rim Glasses","Halbrahmenbrille",3,"Halbrahmenbrillen",1,0,1,1,0,"Halbrahmenbrille"
14,0,"ui/icon/200000/200169.tex",14,"Oval Reading Glasses","Silver Oval Reading Glasses","Gold Oval Reading Glasses","Black Oval Reading Glasses","White Oval Reading Glasses","Grey Oval Reading Glasses","Red Oval Reading Glasses","Blue Oval Reading Glasses","Green Oval Reading Glasses","Brass Oval Reading Glasses","Purple Oval Reading Glasses","Brown Oval Reading Glasses","oval[a] Lesebrille",3,"oval[a] Lesebrillen",1,0,1,1,0,"Ovale Lesebrille"
15,0,"ui/icon/200000/200181.tex",15,"Elegant Rimless Glasses","Silver Elegant Rimless Glasses","Gold Elegant Rimless Glasses","Black Elegant Rimless Glasses","White Elegant Rimless Glasses","Grey Elegant Rimless Glasses","Red Elegant Rimless Glasses","Blue Elegant Rimless Glasses","Green Elegant Rimless Glasses","Brass Elegant Rimless Glasses","Purple Elegant Rimless Glasses","Brown Elegant Rimless Glasses","elegant[a] rahmenlos[a] Brille",3,"elegant[a] rahmenlos[a] Brillen",1,0,1,1,0,"Elegante rahmenlose Brille"
16,0,"ui/icon/200000/200193.tex",16,"Cat Eye Glasses","Silver Cat Eye Glasses","Gold Cat Eye Glasses","Black Cat Eye Glasses","White Cat Eye Glasses","Grey Cat Eye Glasses","Red Cat Eye Glasses","Blue Cat Eye Glasses","Green Cat Eye Glasses","Brass Cat Eye Glasses","Purple Cat Eye Glasses","Brown Cat Eye Glasses","Katzenaugenbrille",3,"Katzenaugenbrillen",1,0,1,1,0,"Katzenaugenbrille"
17,0,"ui/icon/200000/200205.tex",17,"Slim Frame Glasses","Silver Slim Frame Glasses","Gold Slim Frame Glasses","Black Slim Frame Glasses","White Slim Frame Glasses","Grey Slim Frame Glasses","Red Slim Frame Glasses","Blue Slim Frame Glasses","Green Slim Frame Glasses","Brass Slim Frame Glasses","Purple Slim Frame Glasses","Brown Slim Frame Glasses","dünnrandig[a] Brille",3,"dünnrandig[a] Brillen",1,0,1,1,0,"Dünnrandige Brille"
18,0,"ui/icon/200000/200217.tex",18,"Tinted Goggles","Silver Tinted Goggles","Gold Tinted Goggles","Black Tinted Goggles","White Tinted Goggles","Grey Tinted Goggles","Red Tinted Goggles","Blue Tinted Goggles","Green Tinted Goggles","Brass Tinted Goggles","Purple Tinted Goggles","Brown Tinted Goggles","getönt[a] Sicherheitsbrille",3,"getönt[a] Sicherheitsbrillen",1,0,1,1,0,"Getönte Sicherheitsbrille"
19,0,"ui/icon/200000/200229.tex",19,"Eyepatch (Left)","Silver Eyepatch (Left)","Gold Eyepatch (Left)","Black Eyepatch (Left)","White Eyepatch (Left)","Grey Eyepatch (Left)","Red Eyepatch (Left)","Blue Eyepatch (Left)","Green Eyepatch (Left)","Brass Eyepatch (Left)","Purple Eyepatch (Left)","Brown Eyepatch (Left)","Augenklappe[p] (links)",3,"Augenklappen[p] (links)",1,0,1,1,0,"Augenklappe (links)"
20,0,"ui/icon/200000/200241.tex",20,"Eyepatch (Right)","Silver Eyepatch (Right)","Gold Eyepatch (Right)","Black Eyepatch (Right)","White Eyepatch (Right)","Grey Eyepatch (Right)","Red Eyepatch (Right)","Blue Eyepatch (Right)","Green Eyepatch (Right)","Brass Eyepatch (Right)","Purple Eyepatch (Right)","Brown Eyepatch (Right)","Augenklappe[p] (rechts)",3,"Augenklappen[p] (rechts)",1,0,1,1,0,"Augenklappe (rechts)"
21,0,"ui/icon/200000/200253.tex",21,"Metallic Eyepatch (Left)","Silver Metallic Eyepatch (Left)","Gold Metallic Eyepatch (Left)","Black Metallic Eyepatch (Left)","White Metallic Eyepatch (Left)","Grey Metallic Eyepatch (Left)","Red Metallic Eyepatch (Left)","Blue Metallic Eyepatch (Left)","Green Metallic Eyepatch (Left)","Brass Metallic Eyepatch (Left)","Purple Metallic Eyepatch (Left)","Brown Metallic Eyepatch (Left)","metallisch[a] Augenklappe[p] (links)",3,"metallisch[a] Augenklappen[p] (links)",1,0,1,1,0,"Metallische Augenklappe (links)"
22,0,"ui/icon/200000/200265.tex",22,"Metallic Eyepatch (Right)","Silver Metallic Eyepatch (Right)","Gold Metallic Eyepatch (Right)","Black Metallic Eyepatch (Right)","White Metallic Eyepatch (Right)","Grey Metallic Eyepatch (Right)","Red Metallic Eyepatch (Right)","Blue Metallic Eyepatch (Right)","Green Metallic Eyepatch (Right)","Brass Metallic Eyepatch (Right)","Purple Metallic Eyepatch (Right)","Brown Metallic Eyepatch (Right)","metallisch[a] Augenklappe[p] (rechts)",3,"metallisch[a] Augenklappen[p] (rechts)",1,0,1,1,0,"Metallische Augenklappe (rechts)"
23,0,"ui/icon/200000/200277.tex",23,"Coeurl Eyeglasses","Silver Coeurl Eyeglasses","Gold Coeurl Eyeglasses","Black Coeurl Eyeglasses","White Coeurl Eyeglasses","Grey Coeurl Eyeglasses","Red Coeurl Eyeglasses","Blue Coeurl Eyeglasses","Green Coeurl Eyeglasses","Brass Coeurl Eyeglasses","Purple Coeurl Eyeglasses","Brown Coeurl Eyeglasses","Coeurl-Brille",3,"Coeurl-Brillen",1,0,1,1,0,"Coeurl-Brille"
24,0,"ui/icon/200000/200289.tex",24,"Reading Glasses","Silver Reading Glasses","Gold Reading Glasses","Black Reading Glasses","White Reading Glasses","Grey Reading Glasses","Red Reading Glasses","Blue Reading Glasses","Green Reading Glasses","Brass Reading Glasses","Purple Reading Glasses","Brown Reading Glasses","Lesebrille",3,"Lesebrillen",1,0,1,1,0,"Lesebrille"
25,0,"ui/icon/200000/200301.tex",25,"Tinted Sunglasses","Silver Tinted Sunglasses","Gold Tinted Sunglasses","Black Tinted Sunglasses","White Tinted Sunglasses","Grey Tinted Sunglasses","Red Tinted Sunglasses","Blue Tinted Sunglasses","Green Tinted Sunglasses","Brass Tinted Sunglasses","Purple Tinted Sunglasses","Brown Tinted Sunglasses","getönt[a] Sonnenbrille",3,"getönt[a] Sonnenbrillen",1,0,1,1,0,"Getönte Sonnenbrille"
26,0,"ui/icon/200000/200313.tex",26,"Groovy Glasses","Silver Groovy Glasses","Gold Groovy Glasses","Black Groovy Glasses","White Groovy Glasses","Grey Groovy Glasses","Red Groovy Glasses","Blue Groovy Glasses","Green Groovy Glasses","Brass Groovy Glasses","Purple Groovy Glasses","Brown Groovy Glasses","Partytier-Brille",3,"Partytier-Brillen",1,0,1,1,0,"Partytier-Brille"
27,0,"ui/icon/200000/200325.tex",27,"Rectangular Glasses","Silver Rectangular Glasses","Gold Rectangular Glasses","Black Rectangular Glasses","White Rectangular Glasses","Grey Rectangular Glasses","Red Rectangular Glasses","Blue Rectangular Glasses","Green Rectangular Glasses","Brass Rectangular Glasses","Purple Rectangular Glasses","Brown Rectangular Glasses","Brille[p] mit Farbverlauf",3,"Brillen[p] mit Farbverlauf",1,0,1,1,0,"Brille mit Farbverlauf"
